﻿<?xml version="1.0" encoding="utf-8" standalone="yes"?>
<ReadmeEditor>
  <Information>
    <Author>竹渕瑛一(GRGSIBERIA)</Author>
    <Email>nanashi4129@gmail.com</Email>
    <Title>ReadmeEditor</Title>
    <CreatedAt>2013年3月29日</CreatedAt>
    <Version>b0.3</Version>
    <OpenPass>test</OpenPass>
  </Information>
  <Caption>Readme（りーどみー）とは，アプリケーションや素材，ゲーム等の説明書のことです．
Readmeは作ろうと思うといざ作るのが難しく，何を書いていいのかわからないことが多いです．
また，Readmeは定型化されていないため，作成者ごとにフォーマットはバラバラです．
そこで，Readmeに必要そうな項目が編集できて，なおかつXMLファイルで管理できるアプリが欲しいと思いました．
XMLファイルは文書のフォーマットを定義するための

ReadmeEditorは，Readmeに必要な要素を作成/編集するためのアプリケーションです．
Readmeのフォーマットを統一しながら，Readmeに必要なことを書けるエディタになっています．
定型化されているため，テキスト形式やHTML形式など，様々な形式への出力が可能になります（ベータでは未実装）．

作成されたXMLファイルは，配布するフォルダの中に同梱させることで，
将来的にはダウンロードする前に利用規約を読むことのできるアップローダが期待出来ます．
その他にも，使用条件ごとに素材を管理したり，借りた物等のリンクを辿るなど，
様々な応用が可能になり，今まで以上にReadmeという存在が便利になるのではないかと思います．</Caption>
  <Howto>
    <Item>
      <Title>インターフェース</Title>
      <Section>1</Section>
      <Caption>ReadmeEditorのインターフェースの説明です．</Caption>
    </Item>
    <Item>
      <Title>情報タブ</Title>
      <Section>1.1</Section>
      <Caption>情報タブでは，配布物の作成者やタイトル，バージョン等を入力します．

・作成者
Readmeあるいは配布物の作成者の名前を入力します．

・作成日
Readmeもしくは配布物を作成した日付を選択します．
公開した日付がちょうどいいのではないかと思います．

・配布物の名前
配布物の名前を入力します．

・配布物のバージョン
配布物のバージョンを入力します．
バージョンの書式は自由です．

・絶対秘密の合言葉
公開できるパスフレーズを作成するのに必要です．
この合言葉は必要なとき以外は，誰にも教えてはなりません．
入力は自由です．

・公開できるパスフレーズ
作成者と絶対秘密の合言葉からSHA256によって生成されます．
このパスフレーズによって，作成者本人かどうかの認証を行います．
もし，なりすましが出た場合，絶対秘密の合言葉を言ってください．
作成者本人であれば，絶対秘密の合言葉で公開できるパスフレーズを作れるはずです．</Caption>
    </Item>
    <Item>
      <Title>使い方タブ</Title>
      <Section>1.2</Section>
      <Caption>使い方タブでは，配布物の使い方について入力します．
</Caption>
    </Item>
    <Item>
      <Title>借りた物タブ</Title>
      <Section>1.3</Section>
      <Caption />
    </Item>
    <Item>
      <Title>備考タブ</Title>
      <Section>1.4</Section>
      <Caption />
    </Item>
    <Item>
      <Title>使用条件タブ</Title>
      <Section>1.5</Section>
      <Caption />
    </Item>
    <Item>
      <Title>更新情報タブ</Title>
      <Section>1.6</Section>
      <Caption />
    </Item>
  </Howto>
  <Derivate>
    <Item>
      <Title>Visual Studio 2012</Title>
      <Link>http://www.microsoft.com/visualstudio/jpn/products/visual-studio-professional-2012</Link>
      <Comment>大学のボリュームライセンスで借りてます．</Comment>
    </Item>
  </Derivate>
  <Remark>
    <Item>
      <Title>お詫び</Title>
      <Caption>論文，6日ぐらい遅れました．ごめんなさい．</Caption>
    </Item>
  </Remark>
  <License>
    <Item>
      <Type>BSDライセンス</Type>
    </Item>
  </License>
  <Update>
    <Item>
      <Title>beta 0.1</Title>
      <Section />
      <Caption>ベータ版です．</Caption>
    </Item>
    <Item>
      <Title>beta 0.2</Title>
      <Section />
      <Caption>・保存するとき，稀に強制終了するバグを，強制終了しないように修正
・備考を追加
</Caption>
    </Item>
    <Item>
      <Title>beta 0.3</Title>
      <Section />
      <Caption>・開くと落ちる現象を修正</Caption>
    </Item>
  </Update>
</ReadmeEditor>